[
     {
		 "name": "Imperio Bocchi",
		 "leaderName": "Lord Bocchi",
		 "adjetive": ["Imperialsta"],
		 "outerColor": [10, 3, 69],
		 "innerColor": [22, 22, 22],
		 
		 "startBias": ["Grassland"],
		 "preferredVictoryType": "Domination"
		 "favoredReligion": "Buddhism",
		 
		 "startIntroPart1": "lol",
		 "startIntroPart2": "lol",
		 
		 "introduction": "lol lol lol",
		 "declaringWar": "you will die today",
		 "attacked": "fuck why?",
		 "afterPeace": "peace was never an option",
		 "defeated": "i guess it's over",
		 
		 "neutralHello": "hello nigga",
		 "hateHello": "good afternoon bastard",
		 
		 "tradeRequest": "por favor amigo, te chupare el pene",
		 
		 "uniqueName": "Oceano util",
		 "uniques": ["[+1 Science] from every [Ocean]"],
		 
	 "cities": ["Bocchi City","Nagi 001","Nagi 002","Nagi 003","Nagi 004","Nagi 005","Nagi 006","Nagi 007","Nagi 008","Nagi 009","Nagi 010","Nagi 011","Nagi 012","Nagi 013","Nagi 014","Nagi 015","Nagi 016","Nagi 017","Nagi 018","Nagi 019"]
	 },
		 
]