[     {
                "name": "Imperio 11",
		"leaderName": "Lord bocchi",
		"adjective": ["Elevens"],
		"outerColor": [5, 5, 131],
		"innerColor": [2, 2, 2],

		"startBias": ["Grassland","Coast"],
		"preferredVictoryType": "Domination",
		"favoredReligion": "Taoism",

		"startIntroPart1": "¿?",
		"startIntroPart2": "¿?",
		
		"introduction": "¿?",
		"declaringWar": "I need to do this, for the sake of progress. You were never my friend.",
		"attacked": "Ha! You think you can defeat me? Don't you know we are better than you?",
		"afterPeace": "Although we are at peace, I still want to see you defeated.",
		"defeated": "You are just another nation, this victory will not change that, because I actually gave up.",

		"neutralHello": "Good morning.",
		"hateHello": "Will you treat me how I deserve?!",

		"tradeRequest": "I know you want this trade, I'm sure of that.",
		"neutralLetsHearIt": "Yeah, I hear your offer.",
		"hateLetsHearIt": ["Ok, what is it?", "Ok.. let's hear it..."],
		"neutralNo": ["No no.", "Thank you, but no."],
		"neutralYes": ["Thank you very much, goodbye.", "This is what I wanted!..."],
		"hateNo": ["NO, no in the slightest", "Uy, no! How could you think on such a thing!?"],
		"hateYes": ["I only accept because I have to.", "Whatever, I don't care."],

		"uniqueName": "Minerals",
		"uniques":["Double quantity of [Iron] produced",
		"[+1 Production, +1 Food] from every [Mine]"],

		"cities": ["Area 001","Area 002","Area 003","Area 004","Area 005","Area 006","Area 007","Area 008","Area 009","Area 010","Area 011","Area 012","Area 013","Area 014","Area 015","Area 016","Area 017","Area 018","Area 019","Area 020"],
}
]